{
  "model": "resnet50",
  "dataset": "fer2013",
  "train_loss": [
    1.8437923266266558,
    1.579745215301483
  ],
  "train_acc": [
    0.2915810373053746,
    0.42847190776411576
  ],
  "val_loss": [
    1.8109742745146773,
    1.3970848727804202
  ],
  "val_acc": [
    0.2906101978266927,
    0.5149066592365561
  ],
  "best_val_loss": 0.0,
  "best_epoch": 2,
  "best_val_acc": 0.5149066592365561
}