{
  "model": "resnet50",
  "dataset": "fer2013",
  "accuracy": 0.529674003900808,
  "macro_f1": 0.4639031205341652,
  "weighted_f1": 0.5148358128100794,
  "macro_precision": 0.4749596468525013,
  "macro_recall": 0.47987233644668176,
  "mean_auc": 0.842911723724371,
  "per_class_auc": {
    "Angry": 0.7925584997350634,
    "Disgust": 0.8713741832587334,
    "Fear": 0.73412333066041,
    "Happy": 0.9315479264007658,
    "Neutral": 0.8460852106760808,
    "Sad": 0.7960548725991131,
    "Surprise": 0.92863804274043
  },
  "classification_report": {
    "Angry": {
      "precision": 0.4576271186440678,
      "recall": 0.329938900203666,
      "f1-score": 0.3834319526627219,
      "support": 491.0
    },
    "Disgust": {
      "precision": 0.2830188679245283,
      "recall": 0.2727272727272727,
      "f1-score": 0.2777777777777778,
      "support": 55.0
    },
    "Fear": {
      "precision": 0.3333333333333333,
      "recall": 0.16098484848484848,
      "f1-score": 0.21711366538952745,
      "support": 528.0
    },
    "Happy": {
      "precision": 0.8214285714285714,
      "recall": 0.732650739476678,
      "f1-score": 0.7745039085989176,
      "support": 879.0
    },
    "Neutral": {
      "precision": 0.42329545454545453,
      "recall": 0.7140575079872205,
      "f1-score": 0.5315101070154578,
      "support": 626.0
    },
    "Sad": {
      "precision": 0.43820224719101125,
      "recall": 0.3939393939393939,
      "f1-score": 0.4148936170212766,
      "support": 594.0
    },
    "Surprise": {
      "precision": 0.5678119349005425,
      "recall": 0.7548076923076923,
      "f1-score": 0.6480908152734778,
      "support": 416.0
    },
    "accuracy": 0.529674003900808,
    "macro avg": {
      "precision": 0.4749596468525013,
      "recall": 0.47987233644668176,
      "f1-score": 0.4639031205341652,
      "support": 3589.0
    },
    "weighted avg": {
      "precision": 0.529334500298507,
      "recall": 0.529674003900808,
      "f1-score": 0.5148358128100794,
      "support": 3589.0
    }
  }
}